delegate.first;delegate.second
Adnan;Basic
Aleksandra;Pandurevic
Amir;Fazlic
Anto;Domazet
Asim;Sarajlic
Azra;Hadziahmetovic
Barisa;Colak
Beriz;Belkic
Borislav;Bojic
Borjana;Kristo
Bosko;Tomic
Bozo;Ljubic
Damir;Arnaut
Damir;Becirovic
Danijela;Martinovic
Darko;Babalj
Denis;Becirovic
Diana;Zelenika
Dordo;Krcmar
Dragan;Vrankic
Drago;Kalabic
Dragutin;Rodic
Dusanka;Majkic
Emir;Kabil
Fahrudin;Radoncic
Fehim;Skaljic
Halid;Genjac
Hanka;Vajzovic
Hazim;Rancic
Ismeta;Dervoz
Jasmin;Emric
Jovan;Vukovljak
Lazar;Prodanovic
Ljilja;Zovko
Maja;Gasal-Vrazalica
Mario;Karamatic
Martin;Raguz
Mato;Franjicevic
Mensura;Beganovic
Milica;Markovic
Milorad;Zivkovic
Miroslav;Milovanovic
Mirsad;Donlagic
Mirsad;Dugum
Mirsad;Isakovic
Mirsad;Mesic
Mirza;Kusljugic
Mladen;Bosic
Mladen;Ivankovic
Momcilo;Novakovic
Monika;Tomic
Nebojsa;Radmanovic
Nenad;Lalic
Nermin;Puric
Nermina;Cemalovic
Nermina;Kapetanovic
Nermina;Zaimovic
Niko;Lozancic
Nikola;Lovrinovic
Nikola;Spiric
Ognjen;Tadic
Petar;Kunic
Predrag;Kozul
Sadik;Ahmetovic
Safer;Demirovic
Safet;Softic
Salko;Sokolovic
Sasa;Bursac
Sasa;Magazinovic
Sead;Kadic
Sefik;Dzaferovic
Semsudin;Mehmedovic
Senad;Sepic
Sifet;Podzic
Slavko;Jovicic
Sredoje;Novic
Stasa;Kosarac
Vesna;Krstovic
Vjekoslav;Bevanda
Zaim;Backovic
Zdenka;Dzambas
Zeljko;Komsic
Zijad;Jagodic
Zvonko;Jurisic
